sa,sr,jx,total
0.00184535789422676,0.005388443152040561,0.8785018797743739,0.8857356808206412
